Plot,StandID,Quadrat,AdultSp,Azimuth,DistanceToPlot,AdultTag,AdultDBH,EmptyCells,PlantCover,Personnel,MossCover,Notes,Year,Surveyed,UTM_X,UTM_Y
1,FOREG_02,2,TSHE,278,1.95,0100743,76,2,98,SRZ GET CJD GVM,35,"2019:2.1m at 68 degrees from 01-00539; 2020:; 2021:; 2022:Debris in plot, 103 TS lost; 2023:Debris ",2023,1,,
2,FOREG_02,103,TABR,300,2.35,0200079,30.9,1,99,CJD BWG,75,2019:; 2020:; 2021:No TS lost from 2020; 2022:; 2023:,2023,1,,
3,FOREG_02,4,TSHE,128,1.19,0100256,,5,95,CJD GET,35,2019:; 2020:; 2021:Log data not gathered in 2021; 2022:; 2023:Nearby tree: 01-00255 PSME 68.7 cm DBH,2023,1,,
4,FOREG_02,5,THPL,82,1.38,0100340,27,30,70,CJD GET,20,"2019:Dog-leg connected to snag; 2020:1 TS lost; 2021:2 THPL growing together, CWD; 2022:37 TS lost, debris covering plot; 2023:Debris ",2023,1,,
5,FOREG_02,202,PSME,14,1.82,0200455,105.5,4,96,CJD BWG,55,2019:; 2020:5 TS lost; 2021:1 TSHE TS lost; 2022:; 2023:,2023,1,,
6,FOREG_02,107,PSME,344,2.3,0200053,143,5,95,SRZ GET,45,"2019:next to odd THPL, maybe not usable?; 2020:1 TS lost, THPL fell; 2021:1 TS lost ; 2022:2 TS lost; 2023:",2023,1,,
7,FOREG_31,1511,TSHE,273,1.45,1600127,44.3,45,65,GRR CJD,1,2019:; 2020:; 2021:; 2022:; 2023:,2023,1,,
8,FOREG_31,1510,PSME,315,2.55,1600035,133.9,5,95,GRR CJD,30,"2019:; 2020:2 TS lost, CHUMS --> CHME/PYPI; 2021:; 2022:; 2023:",2023,1,,
9,FOREG_31,1410,TSHE,25,1.9,1500116,,35,65,GRR CJD,1,2019:; 2020:1 TS lost; 2021:1 TS lost; 2022:; 2023:CJD not convinced with VAPA ID most stems are spreading and most leaves are toothed. Likely all VAPA are VAME but cannot verify without Hitchcock; nearby tree? = 15-00115 TSHE 98.3 cm DBH (may be mistake for the paired tree),2023,1,,
10,FOREG_31,1409,TSHE,27,1.3,1500133,64.2,65,35,GRR CJD,3,2019:; 2020:5 TS lost; 2021:; 2022:; 2023:,2023,1,,
11,FOREG_31,1409,CACH,60,2.15,1500041,34.3,90,20,GRR CJD,0,2019:2 chinqapins near plot; 2020:; 2021:; 2022:Debris; 2023:,2023,1,,
12,FOREG_31,1408,TABR,187,1.15,1500077,26.1,40,60,GRR CJD,8,2019:; 2020:debris partially crushed plot; 2021:1 TS lost; 2022:Log covering half of plot; 2023:,2023,1,,
13,FOREG_31,1507,PSME,227,1.8,1500304,148.8,100,0,GRR CJD,0,2019:Only has 3 germs and small moss patch; 2020:3 TS lost; 2021:; 2022:; 2023:No seedlings no herbs no moss,2023,1,,
14,FOREG_31,1605,ACMA,127,1.3,1600249,24.5,40,60,GRR CJD,25,2019:Middle of plot ~5.9m from TSME; 2020:; 2021:Tree less than 30 DBH; 2022:; 2023:,2023,1,,
15,FOREG_31,1505,ACMA,88,2.2,1500365,24.5,80,20,GRR CJD,7,2019:~2.5 from TSHE w/ DBH 29.3cm; 2020:; 2021:Tree less than 30 DBH; 2022:; 2023:,2023,1,,
16,FOREG_02,7,PSME,122,1.95,0100225,157,10,90,GEL SRZ,30,2019:; 2020:; 2021:1 TS lost; 2022:21 TS lost; 2023:,2023,1,,
17,FOREG_02,307,PSME,364,1.55,0400445,107.1,2,98,SRZ GET,55,2019:Prev tag 4998; 2020:5 TS lost; 2021:; 2022:; 2023:,2023,1,,
18,FOREG_02,206,TSHE,288,2.1,0300330,57.5,0,100,SRZ GET,65,2019:; 2020:7 TS lost; 2021:Log data not gathered in 2021; 2022:; 2023:,2023,1,,
19,FOREG_02,305,TSHE,290,1.7,0400470,48,70,35,CJD GET,10,"2019:; 2020:1 TS lost, missing plot photo?; 2021:1 TS lost from 2020; 2022:SE + NE Poles crushed by tree; 2023:NE and SE poles crushed by snag",2023,1,,
20,FOREG_02,304,THPL,262,1.45,0400472,68.1,3,97,CJD GET,5,"2019:; 2020:2 TS lost; 2021:1 TS lost from 2020; 2022:UWD, 4 joaes moved, All TS lost; 2023:",2023,1,,
21,FOREG_02,506,TSHE,270,2.65,0600101,67.5,2,98,SRZ GEL,30,2019:Prev tag 4636; 2020:; 2021:1 BENE TS lost; 2022:; 2023:,2023,1,,
22,FOREG_02,207,PSME,284,2,0300317,103.5,9,75,SRZ GET,50,2019:; 2020:2 TS lost; 2021:; 2022:; 2023:,2023,1,,
23,FOREG_02,106,PSME,234,2.7,0200986,120,12,90,SRZ GEL,35,2019:; 2020:2 TS lost; 2021:1 TS lost; 2022:37 TS lost ; 2023:,2023,1,,
24,FOREG_31,1404,TSHE,161,1.4,1500409,108.6,45,70,GRR CJD,1,2019:Groung covered w/ TSHE cones; 2020:; 2021:1 TS lost; 2022:; 2023:,2023,1,,
25,FOREG_31,1404,ABAM,205,2.1,1500406,53.1,6,94,GRR CJD,55,"2019:Very old nurse log in middle of plot; 2020:15 TS lost; 2021:PT-5058, DBH 53.4; 2022:; 2023:",2023,1,,
26,FOREG_31,1205,THPL,157,1.65,1200459,126.6,5,95,CJD,20,"2019:Prev tag 5179, b/t 2 large THPL; 2020:2 TS lost, branch fell on plot ; 2021:PT-5179; 2022:litter; 2023:",2023,1,,
27,FOREG_31,1103,PSME,128,2.2,1300400,171.9,12,88,CJD,1,2019:Prev tag 5256; 2020:; 2021:; 2022:; 2023:,2023,1,,
28,FOREG_31,1401,PSME,207,2,1500227,166,85,15,SRZ BWG GET,0,2019:; 2020:; 2021:; 2022:litter; 2023:,2023,1,,
29,FOREG_02,2,THPL,44,2,0100656,80.4,1,99,SRZ GET,98,2019:; 2020:; 2021:7 TS lost; 2022:; 2023:,2023,1,,
30,FOREG_02,2,TSHE,114,2.7,0100231,59.9,0,100,CJD GET,95,2019:; 2020:; 2021:No TS from 2020; 2022:; 2023:,2023,1,,
31,FOREG_02,0,PSME,12,3,0100838,159.8,5,95,CJD GET SRZ BWG,20,2019:; 2020:; 2021:Log data not gathered in 2021; 2022:4 TS lost; 2023:,2023,1,,
32,FOREG_02,100,THPL,222,2.2,0200633,61,2,90,SRZ GET,50,2019:; 2020:; 2021:1 TS lost; 2022:; 2023:New plot ,2023,1,,
33,FOREG_02,300,TABR,30,0.9,0100933,26.9,0,100,CJD GET,90,2019:; 2020:1 TS lost; 2021:; 2022:; 2023:,2023,1,,
34,FOREG_02,1,TSHE,66,1.1,0100806,,2,98,CJD BWG,60,2019:; 2020:; 2021:Log data not gathered in 2021; 2022:Double check tag; 2023:Nearby tree = 02-00806 PSME 55.4 cm DBH,2023,1,,
35,FOREG_02,106,TSHE,96,1.5,0200793,108.9,4,96,CJD GET,65,2019:; 2020:; 2021:No TS lost from 2020; 2022:; 2023:CHECK: species ID of paired tree,2023,1,,
36,FOREG_02,7,TSHE,200,0.9,0100132,45.9,8,92,CJD GET,10,2019:; 2020:1 TS lost; 2021:; 2022:; 2023:,2023,1,,
37,FOREG_02,606,PSME,385,1.1,0600119,93,10,90,SRZ GEL,13,2019:; 2020:; 2021:; 2022:All TS lost; 2023:,2023,1,,
38,FOREG_02,506,TSHE,152,1.6,0600016,44,2,98,SRZ GEL,15,2019:; 2020:2 TS lost; 2021:2 TS lost; 2022:; 2023:,2023,1,,
39,FOREG_02,506,PSME,6,2.6,0600033,139,6,94,SRZ GEL,15,2019:; 2020:; 2021:; 2022:All TS lost; 2023:,2023,1,,
40,FOREG_02,406,PSME,51,1.8,0400414,121.3,1,98,SRZ GET,40,2019:; 2020:; 2021:; 2022:7 TS lost; 2023:,2023,1,,
41,FOREG_31,1311,TSHE,234,2.5,1400219,58.8,80,20,GRR GET,4,2019:; 2020:2 TS lost ; 2021:; 2022:; 2023:,2023,1,,
42,FOREG_31,1211,PSME,289,3,1300150,171,50,50,GRR GET,3,2019:No seedlings/trees; 2020:surveyed twice; 2021:1 TS lost; 2022:; 2023:,2023,1,,
43,FOREG_31,1310,PSME,213,1.6,1300176,59.4,45,55,GRR GET,1,2019:; 2020:1 TS lost; 2021:1 TS lost; 2022:litter ; 2023:,2023,1,,
44,FOREG_31,1009,THPL,158,1.65,1100261,105.1,50,50,GEL BWG,15,2019:most VAPA appear browsed; 2020:7 TS lost; 2021:; 2022:; 2023:,2023,1,,
45,FOREG_31,1209,TSHE,222,2.4,1200222,70.3,55,45,GRR CJD,15,2019:Old stump in northern half; 2020:4 TS lost ; 2021:; 2022:; 2023:,2023,1,,
46,FOREG_02,203,TSHE,308,2.3,0300947,,4,96,CJD BWG,45,2019:Prev tag 4898; 2020:6 TS lost; 2021:Log data not gathered in 2021; 2022:; 2023:Nearby tree = 03-00953 PSME 29.7 cm DBH,2023,1,,
47,FOREG_02,204,TSHE,352,1.7,0300398,55.8,5,55,SRZ GET,45,"2019:; 2020:; 2021:PT 68, 1 TS lost; 2022:; 2023:",2023,1,,
48,FOREG_02,401,TSHE,188,2.2,0500786,41,20,80,SRZ GEL,70,2019:; 2020:; 2021:; 2022:; 2023:,2023,1,,
49,FOREG_02,402,PSME,148,2.1,0500712,117,20,76,Srz Get,50,"2019:~5.5 m from >30cm CASH; 2020:1 TS lost; 2021:; 2022:05-00539 was measured at 110.8 cm DBH, is 2 m from 05-00712; 2023:",2023,1,,
50,FOREG_02,404,TSHE,114,2.8,0500429,,5,96,SRZ GEL,85,"2019:; 2020:5 TS lost, missing rebar; 2021:Tree 05-00899 was recorded at 56.1 cm DBH this year; 2022:; 2023:Nearyby tree = 05-00899 TSHE 57.5 cm DBH",2023,1,,
51,FOREG_31,910,TSHE,353,2.5,1200275,,,,,,"2019:Northern part in pit; 2020:Crushed by a tree, not resurveyed; 2021:Under log; 2022:Crushed by a tree, not resurveyed; 2023:Crushed by a tree, not resurveyed",2023,0,,
52,FOREG_31,910,TABR,155,1.3,1000305,23.7,20,80,GEL BWG,15,"2019:Nurse log in NE corner; 2020:2 TS lost, Note 02; 2021:No photo; 2022:; 2023:",2023,1,,
53,FOREG_31,911,PSME,148,1.7,0900008,160,21,79,GRR GET,0,"2019:; 2020:; 2021:; 2022:litter, 1 pole gone; 2023:",2023,1,,
54,FOREG_31,710,TSHE,172,2.1,0900022,75.3,35,65,GRR GET,15,2019:; 2020:1 TS lost; 2021:; 2022:1 TS lost; 2023:,2023,1,,
55,FOREG_31,709,ABAM,291,3,0900045,70.5,30,71,GEL BWG,35,"2019:5.5m from ""large"" PSME uphill; 2020:; 2021:; 2022:Paired tree DIED; 2023:Trees surrounding plot seem to be experiencing butt rot.",2023,1,,
56,FOREG_02,305,TSHE,154,1.9,0400074,58.9,10,80,CJD GET,15,"2019:; 2020:1 TS lost; 2021:Log data not gathered in 2021; 2022:debris in plot, NE pole bent forward, 9 TS lost; 2023:NE pole crushed by tree",2023,1,,
57,FOREG_02,303,TSHE,44,2.3,0400173,45.5,2,98,SRZ GEL,50,"2019:GPS 008, near fallen PSME pit; 2020:; 2021:PT-4922, 1 TS lost; 2022:2 TS lost; 2023:Downed TSHE over plot",2023,1,,
58,FOREG_02,101,PSME,60,2.4,0200405,122.9,25,80,CJD BWG,10,"2019:ca distance from tree to plot, big log in between the 2; 2020:; 2021:; 2022:Tree 02-00416 was measured at 126.7 cm DBH this year; 2023:",2023,1,,
59,FOREG_02,300,TSHE,350,2.2,0400948,65.5,5,95,CJD GET,15,2019:; 2020:1 TS lost; 2021:; 2022:; 2023:,2023,1,,
60,FOREG_02,401,PSME,298,2.9,0600746,118,1,99,SRZ GEL,75,2019:~2m from recently uprooted large PSME + TSHE; 2020:1 TS lost; 2021:1 TSHE TS lost; 2022:13 TS lost; 2023:,2023,1,,
61,FOREG_02,202,PSME,68,1.9,0300256,119.3,54,23,Srz Get,30,2019:mound; 2020:3 TS lost; 2021:2 TS lost; 2022:; 2023:No maianthemum ,2023,1,,
62,FOREG_02,500,PSME,62,3,0700421,117,4,90,SRZ GEL,65,2019:; 2020:2 TS lost; 2021:2 TSHE TS lost; 2022:5 TS lost ; 2023:,2023,1,,
63,FOREG_02,400,TSHE,351,2.7,0500871,49.2,2,98,CJD GET,80,2019:; 2020:; 2021:; 2022:3 TS lost; 2023:,2023,1,,
64,FOREG_02,502,TSHE,351,0.7,0600615,39.3,2,98,CJD GET,50,2019:; 2020:1 TS lost; 2021:Log data not gathered in 2021; 2022:7 TS lost; 2023:,2023,1,,
65,FOREG_02,600,PSME,38,3,,,0,100,CJD GET,75,"2019:; 2020:2 TS lost; 2021:; 2022:MAFA outside of plot, 6 TS lost; 2023:Nearby tree: TABR 11.2 cm DBH",2023,1,560517.5088,4896235.928
66,FOREG_02,600,PSME,44,2.1,0700267,128.7,1,99,CJD GET,85,"2019:~4m from 25cm TABR; 2020:1 TS lost; 2021:; 2022:Missing NW pole, 6 TS lost; 2023:",2023,1,,
67,FOREG_02,0,ACMA,36,2.4,0100668,,1,99,TRAINING,80,"2019:; 2020:; 2021:3 TS lost; 2022:Tree 01-00719 was measured as 11.5 cm DBH this year; 2023:CHECK: 27 cm ACMA was the original paired tree, but hasn't been entered the last two years, why?; Nearby tree: 01-00719 PSME 11.4 cm DBH",2023,1,,
68,FOREG_02,6,THPL,226,1.8,0100001,66,35,65,SRZ GEL,30,2019:no seedlings ; 2020:; 2021:; 2022:PT-4841; 2023:,2023,1,,
69,FOREG_02,307,THPL,66,1.9,0400001,67.7,3,97,GET SRZ,65,2019:~5.6m from TSHE; 5.7m from PSME; 2020:; 2021:; 2022:; 2023:Sketchy snag nearby ,2023,1,,
70,FOREG_02,307,THPL,274,2.2,0400106,63,2,98,SRZ GET,15,2019:no seedlings; 2020:; 2021:1 TS lost; 2022:All TS lost; 2023:,2023,1,,
71,FOREG_02,405,THPL,101,2.8,0500428,50.4,20,80,CJD GET,65,2019:bottom on game trail; 2020:2 TS lost; 2021:Log data not gathered in 2021; 2022:4 TS lost; 2023:NW and SE poles crushed by debris ,2023,1,,
72,FOREG_02,603,THPL,250,2.3,0600751,46,1,99,CJD GET,80,"2019:~5.5m from TSHE, no seedlings ; 2020:; 2021:; 2022:4 TS lost; 2023:",2023,1,,
73,FOREG_02,403,THPL,92,2.7,0400559,,,,,,"2019:~4.5m from 28 DBH lean TSHE; 2020:1 TS lost; 2021:1 TS lost; 2022:plot destroyed, not resurveyed; 2023:plot destroyed, not resurveyed",2023,0,,
74,FOREG_02,402,THPL,361,1.5,0500768,59,10,90,CJD GET,25,"2019:~5m from TSHE, no pole tag; 2020:5 TS lost; 2021:2 TS lost; 2022:; 2023:",2023,1,,
75,FOREG_38,707,TSHE,121,2.3,,84.7,1,99,CJD GET,85,"2019:; 2020:; 2021:; 2022:3 TS lost; 2023:CHECK: PSME recorded as paired tree in 2023 at 84.7 cm DBH; but TSHE was the paired tree, similar DBH.",2023,1,562135.1386,4897733.001
76,FOREG_38,607,TSHE,288,2.4,0700860,70.3,0,100,CJD GET,85,"2019:; 2020:19 TS lost; 2021:; 2022:2 TS lost; 2023:CHECK: PSME recorded as paired tree in 2023 at 70.3 cm DBH; but TSHE was the paired tree, similar DBH.",2023,1,,
77,FOREG_38,507,PSME,348,2.6,0500934,149,1,99,CJD GET,98,2019:; 2020:20 TS lost; 2021:; 2022:; 2023:,2023,1,,
78,FOREG_38,605,THPL,321,1.3,0600108,84,2,99,SRZ GEL,5,"2019:next to another large THPL, 5.8m from PSME, 5.3 TSHE; 2020:7 TS lost; 2021:; 2022:PT-2204, 2 TS lost, 2 entries- another by JJW 7/6, 83.4dbh, 0, 95, 10 moss; 2023:",2023,1,,
79,FOREG_38,307,THPL,312,1.6,0600690,92.8,0,100,CJD GET,25,2019:nurse logs intersecting in the plot; 2020:7 TS lost; 2021:; 2022:; 2023:Tree covered in baby spiders,2023,1,,
80,FOREG_38,307,TSHE,321,3.1,0600523,89.9,6,80,SRZ GEL,50,"2019:nurse logs intersecting in the plot; 2020:9 TS lost, surveyed twice; 2021:; 2022:; 2023:",2023,1,,
81,FOREG_38,7,ACMA,190,1.9,,64.9,5,95,CJD GET,5,2019:; 2020:; 2021:; 2022:; 2023:,2023,1,561963.0703,4897668.162
82,FOREG_38,206,PSME,360,1.7,,148,0,100,SRZ GEL,80,2019:; 2020:8 TS lost; 2021:1 TS lost; 2022:; 2023:,2023,1,562013.676,4897671.638
83,FOREG_38,607,THPL,360,1.3,0700986,96.5,65,35,CJD GET,10,2019:under young (<10 dbh) TSHE canopy; 2020:; 2021:; 2022:; 2023:,2023,1,,
84,FOREG_38,305,TSHE,354,1.4,0500102,47,2,98,SRZ GEL,20,2019:; 2020:; 2021:check DBH; 2022:; 2023:,2023,1,,
85,FOREG_38,306,TABR,264,1.5,0500375,41,2,100,CJD GET,70,2019:; 2020:; 2021:; 2022:; 2023:CHECK: tag number of paired adult tree,2023,1,,
86,FOREG_38,205,TSHE,86,2,0300349,88.6,1,99,SRZ GEL ,57,2019:; 2020:; 2021:; 2022:; 2023:,2023,1,,
87,FOREG_38,305,TSHE,168,2.4,0300103,57.5,0,100,SRZ GEL,75,"2019:Prev tag 2259; 2020:1 TS lost; 2021:check tree ID; JAL: mapping IDed as TSHE, double-check; 2022:4 TS lost; 2023:",2023,1,,
88,FOREG_38,405,THPL,330,2.5,0400249,83.9,1,99,SRZ GEL,90,2019:5.2m from TSHE; prev tag 2253; 2020:; 2021:; 2022:; 2023:,2023,1,,
89,FOREG_38,604,PSME,268,2.2,0600020,,,,,,"2019:Prev tag 2214; 2020:; 2021:PT-2214; 2022:plot destroyed- crushed under tree fall; 2023:plot destroyed, not resurveyed",2023,0,,
90,FOREG_38,604,THPL,238,1.5,0700015,125,15,85,SRZ GEL,35,2019:70% is old nurse log; 2020:1 TS lost; 2021:; 2022:2 TS lost; 2023:,2023,1,,
91,FOREG_38,706,PSME,264,3,,154.8,2,98,CJD GET,40,"2019:NURSE, 5.4 + 5.8m from TSHE; 1m from 25 dbh TSHE; 2020:; 2021:; 2022:16 TS lost; 2023:",2023,1,562147.1676,4897727.891
92,FOREG_38,606,THPL,94,1.5,,95.3,2,98,CJD GET,2,"2019:temp flooded in spring?; 2020:missing rebar; 2021:1 TS lost; 2022:1 TS lost, 1 pole gone; 2023:",2023,1,562123.6363,4897707.79
93,FOREG_38,6,ALRU,200,1.9,,42.8,20,80,CJD GET,5,2019:area seasonally floods?; 2020:2 TS lost; 2021:; 2022:; 2023:,2023,1,561983.7,4897639
94,FOREG_38,4,ACMA,252,1.8,0200862,73.3,35,65,GEL SRZ,20,"2019:Prev tag 2337; 2020:ASCA + 2 TS lost; 2021:Under fallen PSME, no way to determine DBH; 2022:PT-2337; 2023:CHECK PSP tag number; PSPtag = 2337",2023,1,562013.1469,4897600.881
95,FOREG_38,104,TABR,172,2.25,0400722,38,20,80,SRZ GEL,30,2019:; 2020:; 2021:NW corner needs rebar; 2022:; 2023:,2023,1,,
96,FOREG_38,603,THPL,308,2.6,2448,123.2,40,60,SRZ GEL,25,"2019:Prev tag 2448; 2020:; 2021:PT-2448; 2022:PT-2448, debris in half of plot; 2023:",2023,1,562132.2543,4897615.89
97,FOREG_38,103,THPL,274,2.5,0200212,67.5,4,96,SRZ GEL,47,"2019:5m from 29cm TSHE; 2020:missing 1 rebar; 2021:PT-2565, missing 3 rebar/pvc; 2022:3 Poles missing, oriented wrong, trampled, 3 TS lost, 1 TP dead; 2023:3 poles missing ",2023,1,,
98,FOREG_38,605,THPL,278,2.89,0700713,75.5,15,85,SRZ GEL,30,"2019:NURSE log; 2020:5 TS lost, Nurse; 2021:; 2022:3 TS lost; 2023:Last years seedling heights consistently larger ",2023,1,,
99,FOREG_38,606,PSME,272,2.9,0600272,172,10,90,SRZ GEL,10,2019:; 2020:; 2021:; 2022:Large debris; 2023:SE pole crushed by debris ,2023,1,,
100,FOREG_38,506,PSME,10,0.9,0500074,158.8,15,85,CJD GET,25,2019:~4cm dbh ACCI (ground) across plot but not rooted; 2020:; 2021:; 2022:; 2023:,2023,1,,
101,FOREG_31,908,TSHE,158,2.1,1000262,83.5,45,55,GEL BWG,0,2019:; 2020:; 2021:; 2022:; 2023:CHECK: paired adult tag number,2023,1,,
102,FOREG_31,801,PSME,129,1.3,0900333,171,95,5,SRZ,4,2019:barren plot; 2020:; 2021:; 2022:litter; 2023:,2023,1,,
103,FOREG_31,711,TSHE,159,2.1,0700313,38.8,98,2,GEL BWG,2,"2019:barren plot, 2 seedlings; 2020:3 TS lost, Note 02; 2021:; 2022:; 2023:",2023,1,,
104,FOREG_31,709,TABR,7,1.5,0900440,22,6,94,GRR GET,35,"2019:old NURSE goes through SW corner; 2020:6 TS lost, Note 02; 2021:; 2022:1 TS lost; 2023:",2023,1,,
105,FOREG_31,800,TSHE,199,1.9,0900221,53,70,15,SRZ,15,2019:1st day including moss for AAN; 2020:; 2021:; 2022:litter; 2023:,2023,1,,
106,FOREG_31,1001,TSHE,265,2.05,1100075,,85,15,SRZ GET BWG,5,2019:; 2020:1 TS lost; 2021:; 2022:litter; 2023:Nearby tree: 10-00023 TSHE 54.2 cm DBH,2023,1,,
107,FOREG_31,1001,PSME,175,1.9,1000070,108.6,100,0,SRZ GET BWG,0,2019:; 2020:1 TS lost; 2021:; 2022:litter; 2023:,2023,1,,
108,FOREG_31,1100,PSME,7,1.9,1200001,119,23,77,SRZ GET BWG,5,2019:NURSE in SE; 2020:; 2021:3 TS lost; 2022:litter; 2023:,2023,1,,
109,FOREG_31,1201,PSME,170,1.8,1300062,128.1,8,92,GRR CJD,0,2019:; 2020:2 TS lost; 2021:; 2022:; 2023:,2023,1,,
110,FOREG_31,1200,TABR,175,1.4,1300074,,3,97,SRZ GET BWG,40,2019:closer than 10m to plot boundary; 2020:; 2021:; 2022:; 2023:Nearby tree: 13-00085 PSME 73.1 cm DBH,2023,1,,
111,FOREG_31,1401,TSHE,50,1.45,1300014,37.6,15,85,SRZ GET BWG,65,2019:mostly moss cover; 2020:; 2021:; 2022:litter; 2023:,2023,1,,
112,FOREG_31,1400,TSHE,121,1.7,1500289,,85,15,GET SRZ BWG,3,2019:; 2020:; 2021:; 2022:litter; tree 15-00507 measured at 52.3 this year; 2023:Nearby tree: 15-00507 TSHE 53.2 cm DBH,2023,1,,
113,FOREG_31,1500,PSME,299,2.2,1600428,,60,40,SRZ GET BWG,2,2019:; 2020:; 2021:; 2022:litter; 2023:Nearby tree: 16-00148 PSME 126.3 cm DBH,2023,1,,
114,FOREG_31,1501,THPL,110,0.9,1600781,53.5,70,30,SRZ GET BWG,20,2019:40cm wide NURSE on south side; 2020:; 2021:; 2022:; 2023:,2023,1,,
115,FOREG_31,1402,THPL,227,1.9,1500496,86.4,35,65,SRZ GET BWG,30,"2019:; 2020:1 TS lost, debris in plot; 2021:6 TS lost; 2022:litter; 2023:",2023,1,,
116,FOREG_31,1202,PSME,27,2.1,1300289,154.2,44,59,GRR CJD,1,2019:; 2020:; 2021:; 2022:; 2023:,2023,1,,
117,FOREG_31,1304,PSME,110,1.7,1400870,133.9,97,3,GRR CJD,3,2019:POM ~2m above burls; 2020:6 TS lost; 2021:; 2022:litter; 2023:,2023,1,,
118,FOREG_31,1305,TSHE,280,1.2,1400813,43,1,99,CJD,80,2019:; 2020:; 2021:; 2022:; 2023:,2023,1,,
119,FOREG_31,1207,THPL,239,2.2,1301301,68.7,20,80,GRR CJD,1,2019:; 2020:1 TS lost; 2021:; 2022:; 2023:,2023,1,,
120,FOREG_31,1308,PSME,63,0.6,1400277,207.7,95,5,GRR CJD,1,2019:; 2020:1 TS lost; 2021:; 2022:; 2023:,2023,1,,
121,FOREG_31,706,THPL,63,0.6,0900576,68.6,45,55,SRZ,6,2019:; 2020:1 TS lost; 2021:; 2022:; 2023:,2023,1,,
122,FOREG_31,707,PSME,63,0.6,0800308,155,37,63,CJD,1,2019:NW of 0707; 2020:PYPI tree code; 2021:; 2022:; 2023:,2023,1,,
123,FOREG_31,606,THPL,63,0.6,0700170,51.8,0,100,CJD,80,2019:In THPL patch; tree directly next to creek; 2020:; 2021:; 2022:; 2023:,2023,1,,
124,FOREG_31,704,PSME,63,0.6,0800154,164.3,40,60,GEL BWG,0,2019:; 2020:; 2021:; 2022:; 2023:,2023,1,,
125,FOREG_31,804,TSHE,63,0.6,0900768,86,53,58,CJD,1,2019:; 2020:2 TS lost; 2021:PT-2753; 2022:; 2023:,2023,1,,
126,FOREG_31,906,THPL,63,0.6,1000489,112.3,60,40,SRZ,5,2019:; 2020:; 2021:; 2022:lots of debris; 2023:,2023,1,,
127,FOREG_31,1005,TSHE,63,0.6,1100360,68.8,20,80,SRZ,25,"2019:Surrounded by TSHE; 2020:2 TS lost, CASC7?; 2021:2 TS lost, TSHE?; 2022:; 2023:",2023,1,,
128,FOREG_31,905,TSHE,63,0.6,0900960,96.7,38,62,CJD,10,2019:NURSE log (old) in middle of plot; 2020:; 2021:; 2022:; 2023:,2023,1,,
129,FOREG_31,1105,XTSHE,63,0.6,1200100,,20,90,CJD,3,"2019:Prev tag 5099, in canopy opening; NURSE crosses top of plot; 2020:4 TS lost, adult tree downed, partially damaged plot; legacy TSHE plot = XTSHE; 2021:PT-5099, 12-00100 Tip up, plot bent; 2022:Paired tree fallen, plot poles moved; 2023:Dominant adult dead; legacy TSHE plot = XTSHE",2023,1,,
130,FOREG_31,1003,TSHE,63,0.6,1100389,59.3,0,100,CJD,70,2019:In canopy opening; 2020:; 2021:; 2022:lots of debris; 2023:,2023,1,,
131,FOREG_31,1004,TSHE,63,0.6,1100951,64.7,28,72,CJD,20,2019:Prev tag 5279; 2020:; 2021:; 2022:; 2023:,2023,1,,
132,FOREG_31,803,PSME,63,0.6,0900810,96.1,97,3,SRZ,0,2019:; 2020:; 2021:; 2022:; 2023:,2023,1,,
133,FOREG_31,902,TSHE,63,0.6,1000197,57.8,70,30,SRZ,15,2019:; 2020:; 2021:; 2022:litter; 2023:Lower left plot marker broken,2023,1,,
134,FOREG_31,703,PSME,63,0.6,0700660,164,60,40,SRZ,0,2019:No herbs present ; 2020:; 2021:; 2022:litter; 2023:Last years BENE heights lower across plot ,2023,1,,
135,FOREG_31,604,TSHE,63,0.6,0800174,46.7,92,8,SRZ,2,2019:; 2020:; 2021:2 TS lost; 2022:; 2023:,2023,1,,
136,FOREG_31,602,PSME,63,0.6,0800827,125.5,30,70,SRZ,30,2019:; 2020:; 2021:Not confident in DBH measurement; 2022:; 2023:,2023,1,,
137,FOREG_31,501,TSHE,63,0.6,0700810,42.6,80,20,SRZ,4,2019:; 2020:; 2021:; 2022:paired adult tree fell on small ABAM; may now be a legacy plot XTSHE; 2023:CHECK: note how much of plot is covered by large tree that fell; also check state of paired adult TSHE (07-00810); Large WD on plot,2023,1,,
138,FOREG_31,1102,PSME,63,0.6,1200024,86.4,17,83,SRZ GET BWG,10,"2019:; 2020:; 2021:1 TS lost, suppose 88.5; 2022:; 2023:",2023,1,,
139,FOREG_31,1002,PSME,63,0.6,1100841,145.9,40,60,SRZ GET BWG,0,"2019:Prev tag 5385, near root rot clearing; 2020:; 2021:; 2022:litter; 2023:",2023,1,,
140,FOREG_31,1008,PSME,63,0.6,1100137,164,15,85,SRZ,25,2019:; 2020:; 2021:; 2022:; 2023:,2023,1,,
141,FOREG_22,0,PSME,63,0.6,0100024,100,1,99,MTR CJD RPH,0,2019:Blue tag 445; 2020:12 TS lost ; 2021:1 TS lost; 2022:; 2023:,2023,1,,
142,FOREG_22,101,ABAM,63,0.6,0100138,43.8,0,100,MTR RPH,0,2019:; 2020:5 TS lost ; 2021:Log data not gathered in 2021; 2022:; 2023:,2023,1,,
143,FOREG_22,201,TSME,63,0.6,0300118,80.5,60,40,GEL,1,2019:; 2020:24 TS lost; 2021:4 TS lost; 2022:; 2023:,2023,1,,
144,FOREG_22,100,ABAM,63,0.6,0300021,52.3,10,90,GEL,0,2019:Prev tag 2688; 2020:1 TS lost; 2021:Log data not gathered in 2021; 2022:; 2023:,2023,1,,
145,FOREG_22,400,TSHE,63,0.6,0400213,109.4,98,2,GEL,1,"2019:Prev tag 2494, at base of old/crumbled snag/mound; 2020:29 TS lost; 2021:1 TS lost (TSHE); 2022:; 2023:",2023,1,,
146,FOREG_22,502,TSHE,63,0.6,0600198,64.5,70,30,SRZ AMH,0,2019:Prev tag 2361; 2020:27 TS lost; 2021:PT-2361; 2022:PT-2361; 2023:,2023,1,,
147,FOREG_22,302,ABAM,63,0.6,0500286,50.2,37,63,GEL CJD ,3,"2019:Prev tag 2273, set up 7/25, surveyed on 7/29(?); 2020:28 TS lost; 2021:7 TS lost; 2022:; 2023:",2023,1,,
148,FOREG_22,602,PSME,329,1.5,0600381,124.5,90,10,SRZ,2,"2019:; 2020:20 TS lost, surveyed twice; 2021:; 2022:; 2023:",2023,1,,
149,FOREG_22,701,ABAM,280,0.8,0800401,83.8,75,25,SRZ,0,2019:; 2020:21 TS lost; 2021:3 TS lost ; 2022:; 2023:,2023,1,,
150,FOREG_22,700,PSME,120,1.65,0700111,121.1,15,85,SRZ,0,"2019:; 2020:4 TS lost, cose to ABPR; 2021:; 2022:; 2023:",2023,1,,
151,FOREG_22,501,ABAM,347,1.4,0500222,33.8,65,35,CJD,0,2019:Prev tag 2407; 2020:; 2021:; 2022:; 2023:,2023,1,,
152,FOREG_22,603,PSME,262,2.65,0700086,104.1,40,60,SRZ,1,2019:; 2020:Many TS lost; 2021:2 TS lost; 2022:; 2023:,2023,1,,
153,FOREG_22,201,GAP,262,2.65,,,5,95,SRZ,1,"2019:Old nurse in top right corner; 2020:Many TS lost, Added VAME herb points; 2021:22 TS lost; 2022:; 2023:Nearby tree = 03-00838 ABAM 55.0 cm DBH",2023,1,568511.4604,4902685.027
154,FOREG_22,2,PSME,28,2.1,0200052,114.6,80,20,SRZ,0,2019:Blue tag 431; 2020:; 2021:; 2022:; 2023:,2023,1,,
155,FOREG_22,0,PSME,299,1.8,0100258,95,99,1,SRZ LJH,1,2019:Blue tag 446; 2020:13 TS lost; 2021:; 2022:; 2023:,2023,1,,
156,FOREG_22,2,GAP,323,2.95,,,11,89,MTR RPH CJD,0,"2019:closest tree ABAM; 2020:12 TS lost, plot shifted down; 2021:; 2022:; 2023:Nearby tree = 01-00290 ABAM 21.8 cm DBH",2023,1,568481.1692,4902666.153
157,FOREG_22,204,TSME,197,1.1,0200408,,60,40,SRZ JNA,0,"2019:only one seedling; 2020:1 TS lost, plot shift, adult sp marked as TSHE ; 2021:; 2022:; 2023:Nearby tree = 02-00408 ABPR 104.0 cm DBH",2023,1,,
158,FOREG_22,4,ABAM,307,1.2,0100165,,90,10,GEL,0,2019:~1.5 above intermitent stream bed; 2020:6 TS lost; 2021:4 TS lost; 2022:1 TS lost; 2023:CHECK NOTES: check paired tree status; nearby tree = ABAM 15.8 cm DBH,2023,1,,
159,FOREG_22,205,PSME,120,2.2,0200224,,55,45,SRZ JNA,1,"2019:~1m from intermittent stream bed; 2020:Many TS lost; 2021:2 TS lost; 2022:; 2023:CHECK: DBH of 206.0 cm given in 2023, but 175.6 cm in 2022, please DDC",2023,1,,
160,FOREG_22,205,XABPR,255,1.2,0400351,,5,95,GEL,0,"2019:host stressed ; 2020:; 2021:2 TS lost, adult tree died; 2022:Associated tree (04-00351) DIED; 2023:Nearby tree = 04-00377 ABAM 15.7 cm DBH; ABPR legacy plot = XABPR",2023,1,,
161,FOREG_22,105,PSME,67,2.1,0200491,171,90,10,SRZ JNA,1,2019:; 2020:28 TS lost; 2021:5 TS lost; 2022:; 2023:,2023,1,,
162,FOREG_22,5,ABPR,90,1.3,0100724,162.2,85,15,SRZ JNA,0,2019:; 2020:11 TS lost; 2021:; 2022:; 2023:,2023,1,,
163,FOREG_22,6,ABAM,143,1.1,,56,90,10,SRZ JNA,0,"2019:; 2020:8 TS lost; 2021:3 TS lost; 2022:; 2023:CHECK NOTE: DBH of paired tree increase a lot from 2022-2023, check DBH of paired tree",2023,1,568415.1985,4902739.226
164,FOREG_22,306,ABAM,297,2.4,,42.6,2,98,GEL,0,2019:; 2020:8 TS lost ; 2021:2 TS lost; 2022:; 2023:,2023,1,568460.5056,4902779.914
165,FOREG_22,306,PSME,106,1.7,,147.1,40,60,GEL,0,2019:; 2020:11 TS lost; 2021:; 2022:; 2023:,2023,1,568421.4662,4902765.735
166,FOREG_22,306,PSME,358,1.65,,140.5,20,80,GEL,1,2019:; 2020:4 TS lost; 2021:; 2022:; 2023:,2023,1,568404.1791,4902762.659
167,FOREG_22,305,ABPR,108,1.55,,112.2,10,90,GEL GEH,0,2019:; 2020:18 TS lost; 2021:1 TS lost; 2022:; 2023:,2023,1,568482.3453,4902775.031
168,FOREG_22,505,ABAM,122,1.15,,35.6,5,95,GEL GEH,0,2019:; 2020:4 TS lost ; 2021:; 2022:; 2023:,2023,1,568481.5749,4902802.909
169,FOREG_22,505,ABAM,257,1.65,,61.7,6,94,GEL GEH,0,2019:; 2020:4 TS lost; 2021:; 2022:; 2023:,2023,1,568487,4902809
170,FOREG_22,605,ABPR,5,1.25,,68.8,97,3,SRZ AMH,0,"2019:; 2020:18 TS lost, potential ABAM, check species; 2021:woody debris, 2 TS lost; 2022:litter; 2023:",2023,1,568520,4902794
171,FOREG_22,305,TSHE,12,1.7,0400352,93.1,20,80,GEL,0,2019:; 2020:52 TS lost; 2021:9 TS lost; 2022:; 2023:CHECK: DBH of paired adult tree,2023,1,,
172,FOREG_22,304,PSME,228,1.55,0500322,,3,97,GEL,0,"2019:; 2020:4 TS lost; 2021:Surveyed over two different dates, 1 TS lost; 2022:; 2023:nearby tree = 03-00904 ABAM 26.0 cm DBH",2023,1,,
173,FOREG_22,205,ABAM,188,1.5,0300930,122,1,99,SRZ GEH,0,2019:; 2020:3 TS lost; 2021:; 2022:; 2023:,2023,1,,
174,FOREG_22,605,ABAM,156,1.75,0600287,44.5,60,40,MEL SRZ,0,2019:; 2020:Many TS lost; 2021:3 TS lost; 2022:; 2023:,2023,1,,
175,FOREG_22,505,ABAM,354,1.8,,36.8,40,60,GEL AMH,0,"2019:was mislabeled 176, changed in photo; 2020:Some TS lost; 2021:; 2022:; 2023:",2023,1,568504.1751,4902832.14
176,FOREG_22,603,ABAM,140,2.6,0700710,,70,30,GEL,0,"2019:; 2020:Many TS lost, mystery additional 176 listed as GAP; 2021:2 TS lost; 2022:; 2023:Nearby tree = 06-00198 TSHE 65.9 cm DBH",2023,1,,
177,FOREG_22,403,ABAM,65,1.45,0500525,40.7,20,80,Srz Amh,0,2019:Prev tag 2206; 2020:3 TS lost; 2021:; 2022:; 2023:All VAME doing poorly,2023,1,,
178,FOREG_22,605,PSME,174,1.78,,148,3,97,SRZ MEL,0,2019:; 2020:Many TS lost; 2021:2 TS lost; 2022:; 2023:,2023,1,568529.9021,4902821.851
179,FOREG_22,504,TSHE,40,2.9,0600231,41.2,65,35,GEL,10,2019:; 2020:9 TS lost; 2021:1 TS lost; 2022:; 2023:,2023,1,,
180,FOREG_22,504,TSME,298,0.8,0600608,48.1,93,7,GEL,2,"2019:; 2020:Many TS lost, 2019 adult ID'd as PSME; 2021:9 TS lost; 2022:; 2023:",2023,1,,
181,FOREG_22,504,TSHE,112,1.8,0600601,48,90,10,GEL,10,2019:; 2020:Many TS lost; 2021:4 TS lost; 2022:; 2023:,2023,1,,
182,FOREG_22,704,PSME,218,1.8,0800886,110,82,18,Srz mel ,0,2019:; 2020:; 2021:1 TS lost; 2022:; 2023:Focal tree dbh estimated ,2023,1,,
183,FOREG_22,604,GAP,342,4.2,,,5,95,SRZ,40,2019:Tree is flagged; entire plot is nurse fragments; 2020:Missing details 2020; 2021:; 2022:; 2023:,2023,1,568559.4539,4902812.16
184,FOREG_22,503,TSME,243,1,0700939,34.5,30,70,SRZ,0,"2019:plot near snag/root rot (?) gap; 2020:15 TS lost, Adult species marked as TSHE in 2020; 2021:; 2022:; 2023:",2023,1,,
185,FOREG_22,2,TSHE,324,2.95,0100243,108,25,75,SRZ LJH,0,"2019:; 2020:1 TS lost, some untagged, VAME herbs; 2021:1 TS lost; 2022:1 TS lost; 2023:",2023,1,,
186,FOREG_22,203,TSME,77,2.3,0300857,,15,85,SRZ,1,"2019:Prev tag 2094; 2020:; 2021:PT-2094, DBH 61.5, 7 TS lost; 2022:; 2023:Nearby tree = 03-00867 ABPR 110.3 cm DBH",2023,1,,
187,FOREG_22,205,TSHE,240,2.4,0300284,123.3,70,30,GEL,0,2019:; 2020:7 TS lost; 2021:; 2022:Debris; 2023:,2023,1,,
188,FOREG_22,206,GAP,13,2.75,,,3,97,SRZ AMH,0,"2019:ABAM reference tree flagged; 2020:7 TS lost; 2021:; 2022:; 2023:nearby tree = ABAM 05-00987, 15.7 cm DBH",2023,1,568462.1873,4902779.373
189,FOREG_22,406,GAP,173,1.7,,,6,94,SRZ AMH,7,2019:; 2020:4 TS lost; 2021:; 2022:; 2023:,2023,1,568507.3396,4902781.401
190,FOREG_22,505,TSHE,268,1.9,0600272,67.4,70,30,GEL,10,2019:TSHE root through center of plot; 2020:11 TS lost; 2021:Log data not gathered in 2021; 2022:; 2023:,2023,1,,
191,FOREG_22,505,TSHE,104,2.4,,42.4,80,20,SRZ AMH,0,2019:; 2020:19 TS lost; 2021:; 2022:Litter; 2023:,2023,1,568510.8866,4902808.541
192,FOREG_28,505,PSME,356,1.3,,141.5,73,27,SLG GET,0,2019:1st plot in 28; 2020:1 TS lost; 2021:Dbl check DBH next year; 2022:; 2023:,2023,1,566458.5895,4899112.388
193,FOREG_28,505,TSHE,29,1.7,,44.9,63,35,SLG GET ,2,2019:; 2020:4 TS lost; 2021:; 2022:bark in plot; 2023:,2023,1,566450.615,4899103.415
194,FOREG_28,505,THPL,168,1.1,,132.8,35,65,SLG GET,10,2019:; 2020:; 2021:; 2022:; 2023:,2023,1,566437.9081,4899080.745
195,FOREG_28,505,PSME,127,2.6,,,2,98,CJD,0,2019:; 2020:; 2021:; 2022:; 2023:,2023,1,566418.5353,4899093.323
196,FOREG_28,505,PSME,27,2.75,,,11,89,CJD,1,2019:; 2020:1 TS lost; 2021:; 2022:litter; 2023:,2023,1,566404.0694,4899126.053
197,FOREG_28,505,PSME,8,1.51,0600782,,28,72,CJD,1,2019:; 2020:; 2021:PT-4293; 2022:; 2023:,2023,1,,
198,FOREG_28,505,TSHE,3,2.32,,77.2,7,93,SLG GET,0,2019:; 2020:; 2021:; 2022:; 2023:,2023,1,566441.402,4899114.215
199,FOREG_28,505,TSHE,315,1.96,,49.5,60,0,GET GEL,1,2019:; 2020:; 2021:; 2022:; 2023:,2023,1,566437.0912,4899137.719
200,FOREG_27,505,PSME,202,1.75,,151,70,30,SRZ GEL,20,2019:; 2020:; 2021:; 2022:; 2023:,2023,1,565659.7203,4900538.767
201,FOREG_38,604,TSHE,272,1.1,0700370,45.3,2,99,SRZ GEL,40,"2019:~12m from 090; 2020:Deer browse, adult sp marked as THPL in 2020; 2021:; 2022:6 TS lost; 2023:",2023,1,562137.9221,4897658.382
202,FOREG_38,606,TSHE,348,2.9,,49.8,35,65,SRZ GEL,40,2019:NURSE log in plot; 2020:; 2021:; 2022:; 2023:,2023,1,562108.9184,4897684.764
203,FOREG_38,705,THPL,190,2.4,,40.4,20,90,CJD GET,10,2019:; 2020:; 2021:1 TS lost; 2022:; 2023:,2023,1,562139.6881,4897699.609
205,FOREG_38,707,ACMA,280,1.6,,40,70,50,CJD GET,1,2019:high cover of multpile leaves; 2020:; 2021:; 2022:1 TS dead; 2023:,2023,1,562117.7189,4897733.833
206,FOREG_38,205,TSHE,246,1.43,0300209,51.6,2,98,SRZ GEL ,63,2019:Dead 600mm TSHE in Plot; 2020:; 2021:; 2022:; 2023:,2023,1,,
207,FOREG_38,205,PSME,16,2.9,0200955,196.4,1,99,CJD GET,20,2019:COCOC multi w/ outside plot; 2020:missing quadrat; 2021:; 2022:; 2023:,2023,1,,
208,FOREG_38,4,THPL,342,2.2,0100692,62.9,7,93,SRZ GEL,45,2019:; 2020:; 2021:; 2022:; 2023:,2023,1,,
209,FOREG_38,104,PSME,150,1.8,0300692,178.7,5,95,CJD GET,15,2019:Prev tag 2299; 2020:Adult TABR next to plot; 2021:PT-2299; 2022:; 2023:,2023,1,,
210,FOREG_38,504,PSME,18,3,2470,150.8,0,100,CJD GET,20,"2019:Prev tag 2470; 2020:; 2021:PT-2470; 2022:PT-2740 (previous years entered this as PT-2470; 2740 may be error, JAL 12-15-2022); 2023:",2023,1,562110,4897620
211,FOREG_38,504,PSME,196,2.4,0400407,123,0,100,CJD GET,15,2019:NURSE log in plot; 2020:; 2021:; 2022:; 2023:,2023,1,,
212,FOREG_38,101,PSME,322,3,2865,203,7,90,SRZ GEL,20,2019:5.5m from ODD/dead non-PSME; 2020:; 2021:PT 2865; 2022:; 2023:,2023,1,562082.1139,4897546.319
213,FOREG_38,101,GAP,322,3,,,0,100,CJD GET,15,2019:5.9m from THPL; 2020:; 2021:; 2022:Recorded nearby TABR as reference tree: TABR 19.1dbh PT-2826; 2023:Nearby tree = tag 2819 TABR 19.5 cm DBH,2023,1,562094.3186,4897556.435
214,FOREG_38,503,THPL,322,1.1,2796,144,4,98,SRZ GEL,20,"2019:Prev tag 2796; 2020:; 2021:1 TS lost, PT-2796; 2022:; 2023:",2023,1,562122.942,4897570.262
215,FOREG_38,1,THPL,311,2.5,2908,73,12,88,SRZ GEL,15,"2019:exposed, sad veg; 2020:not surveyed in 2020; 2021:PT 2908; 2022:PT-2908, 2 TS lost; 2023:",2023,1,562038.9453,4897550.25
216,FOREG_21,0,ABAM,40,2.8,0100740,43.4,85,15,SRZ,2,2019:; 2020:TS lost; 2021:2 TS lost from 2020; 2022:; 2023:NA,2023,1,,
217,FOREG_38,507,GAP,40,2.8,,,1,99,SRZ GEL,55,2019:; 2020:4 TS lost; 2021:3 TS lost from 2020; 2022:; 2023:Nearby tree = tag 07-00757 TSHE 91.0 cm DBH,2023,1,562080.3837,4897712.259
218,FOREG_21,101,PSME,9,3.5,0100704,190,60,40,GEL,5,2019:; 2020:14 TS lost; 2021:2 TS lost from 2020; 2022:; 2023:Slime mold present ,2023,1,,
219,FOREG_21,2,ABAM,225,1.8,0100209,38.8,30,70,MTR GET,0,2019:; 2020:TS lost ; 2021:; 2022:; 2023:,2023,1,,
220,FOREG_21,3,PSME,208,1.6,0100193,183.8,15,85,MTR GET,0,2019:; 2020:TS lost; 2021:; 2022:; 2023:Delete all data because SRZ did plot but it was unmarked on my list and data had not been synced,2023,1,,
221,FOREG_21,3,PSME,20,2.1,0100472,174,78,22,GEL,0,2019:; 2020:49 TS lost; 2021:; 2022:; 2023:,2023,1,568931.5842,4900075.925
222,FOREG_21,106,GAP,18,3.8,,,5,95,SRZ,0,2019:No adult tree - open plot; 2020:21 TS lost; 2021:; 2022:; 2023:,2023,1,568931.0421,4900059.141
223,FOREG_21,207,TSHE,44,2.1,0200638,158,70,30,SRZ,0,2019:; 2020:TS lost ; 2021:2 TS lost from 2020; 2022:; 2023:,2023,1,568951.5533,4900090.354
224,FOREG_21,4,PSME,206,2.1,0100012,164.4,22,78,SRZ,0,2019:; 2020:6 TS lost; 2021:; 2022:; 2023:NA,2023,1,,
225,FOREG_21,206,PSME,23,2.9,0300410,147.7,20,80,GEL,0,2019:on mound/old nurse; 2020:12 TS lost; 2021:; 2022:; 2023:,2023,1,,
226,FOREG_21,305,ABAM,84,1.3,0400820,31.4,30,70,JAP GEt,0,"2019:Prev tag 3329, parnal old nurse; 2020:45 TS lost; 2021:PT-3329, DBH 31.5, 2 TS lost; 2022:PT-3329 ; 2023:",2023,1,568988.978,4900046.976
227,FOREG_21,305,ABAM,346,1.4,0400939,31.3,82,18,SRZ,0,2019:Prev tag 2907; 2020:106 TS lost; 2021:; 2022:PT-2907; 2023:NA,2023,1,568984.1876,4900016.599
228,FOREG_21,103,TSHE,294,2.1,0200020,45.6,93,7,SRZ,0,"2019:Prev tag 2885, 5.9m from ODD/Dead ABIES; 2020:; 2021:PT-2885, DBH is 45; 2022:; 2023:NA",2023,1,,
229,FOREG_21,202,ABAM,132,2.8,0200108,52.1,8,92,GEL,7,"2019:NURSE log in plot, prev tag 2812; 2020:4 TS lost; 2021:; 2022:PT-2812; 2023:",2023,1,,
230,FOREG_22,204,PSME,242,1.9,0300203,166,90,10,SRZ JNA,3,2019:; 2020:3 TS lost; 2021:; 2022:; 2023:,2023,1,,
231,FOREG_21,200,PSME,190,2.1,0200308,164,10,90,GEL,0,2019:; 2020:7 TS lost; 2021:; 2022:; 2023:,2023,1,,
232,FOREG_21,301,PSME,144,2.4,0300802,155.4,80,20,GET,2,2019:; 2020:2 TS lost; 2021:3 dead PSME; 2022:; 2023:,2023,1,569035.3162,4899960.927
233,FOREG_21,201,TSHE,254,2.6,0200355,52.9,7,93,SRZ GEL,0,2019:; 2020:3 TS lost; 2021:; 2022:; 2023:NA,2023,1,,
234,FOREG_21,201,ABAM,362,2.3,0300749,35.2,0,100,GET,0,"2019:; 2020:4 TS lost, branch fell on plot, prev tag 3236; 2021:PT-3236, DBH 34.2; 2022:PT-3236, debris; 2023:",2023,1,,
235,FOREG_21,304,TSHE,162,1.5,0400662,115.4,60,40,JAP GET,2,2019:Prev tag 3085; 2020:; 2021:PT-3085; 2022:PT-3085; 2023:,2023,1,569019.3926,4900032.417
236,FOREG_21,406,PSME,200,2.5,0600380,89.4,10,90,JAP GET,0,2019:; 2020:TS lost; 2021:; 2022:; 2023:,2023,1,569000.784,4900093.535
237,FOREG_21,206,TSHE,280,1.4,0200180,46.7,97,3,GEL,1,"2019:; 2020:11 TS lost, 1 pole missing; 2021:1 TS lost, need new rebar; 2022:; 2023:",2023,1,,
238,FOREG_21,405,GAP,234,5.5,,,5,95,JAP GET,0,"2019:No adult tree, data for reference tree; 2020:All TS lost; 2021:; 2022:; 2023:Nearby tree = 05-00821 ABAM 21.1 cm DBH",2023,1,569007.4352,4900068.502
239,FOREG_21,307,TSHE,272,2.6,0400013,51.3,63,37,GEL,0,"2019:; 2020:16 TS lost, 1 pole missing ; 2021:; 2022:; 2023:",2023,1,568978.9409,4900097.858
240,FOREG_21,300,GAP,317,1.4,,,90,10,GEL SRZ,0,2019:open plot; 2020:11 TS lost; 2021:; 2022:nearby tree = 03-00934 ABAM 8.9 cm DBH; 2023:nearby tree = 03-00934 ABAM 10.1 cm DBH,2023,1,569051.2292,4899951.104
241,FOREG_21,402,TSHE,8,1.5,0300758,34.1,12,88,GEL,2,"2019:Prev tag 3195; 2020:6 TS lost, prev tag 3195; 2021:PT-3195, 1 TS lost; 2022:PT-3195 ; 2023:",2023,1,569048.5904,4899996.952
242,FOREG_21,403,PSME,50,3,0300788,173.5,7,93,GET,0,2019:plant cover = 50/<1; 2020:prev tag 3145; 2021:PT-3145; 2022:PT-3145; 2023:,2023,1,569045.0349,4900016.132
243,FOREG_21,404,PSME,62,2.1,0300099,197,90,10,SRZ,0,"2019:Prev tag 303?; 2020:2 TS lost; 2021:PT-3036; 2022:PT-3036, Repeated from OWP 7142022: 200.5dbh, 64 empty, 36 cover, 1 moss; 2023:",2023,1,569027.0588,4900047.489
244,FOREG_21,306,PSME,190,1.4,0300618,125.8,50,50,JAP GET,1,2019:; 2020:; 2021:; 2022:; 2023:,2023,1,,
245,FOREG_21,5,TSHE,318,1.5,0100378,63,96,4,GEL,0,2019:; 2020:2 TS lost; 2021:; 2022:; 2023:,2023,1,,
246,FOREG_21,5,TSHE,318,1.5,0100945,33.4,15,85,SRZ,5,"2019:; 2020:4 TS lost; 2021:Potentially wrong adult tree recorded; ABAM recorded in 2021, 22.2 cm DBH; double-check in field; 2022:; 2023:NA",2023,1,568904.5887,4900069.087
247,FOREG_21,407,TSHE,7,3,0600356,47,35,65,JAP GET,9,2019:; 2020:ACCI covering plot; 2021:; 2022:1 TS lost; 2023:,2023,1,569001.0561,4900113.202
248,FOREG_21,406,GAP,321,1.75,,,70,30,JAP GET,4,"2019:; 2020:6 TS lost, ABAM below 30cm DBH nearby, recorded as GAP in 2019; 2021:Near 15.0 ABAM; 2022:1 TS lost, measured nearby 15.1dbh ABAM as reference tree; 2023:Nearby  tree: 06-00366 ABAM 15.4 cm DBH",2023,1,569020.7489,4900093.186
249,FOREG_21,505,TSHE,321,1.4,0600179,70.6,75,25,SRZ,0,2019:; 2020:; 2021:; 2022:; 2023:,2023,1,569039.9296,4900068.733
250,FOREG_21,603,TSHE,98,2.8,0400855,84,27,73,GEL,5,"2019:Prev tag 3002; 2020:4 TS lost, prev tag 3002; 2021:PT-3002, DBH 82.7, 1 TS lost; 2022:Not written on plot log; 2023:",2023,1,569073.2501,4900051.197
251,FOREG_21,603,TSHE,98,2.8,0300216,85.7,84,16,SRZ,0,2019:; 2020:4 TS lost; 2021:PT-3009; 2022:; 2023:NA,2023,1,569043.5063,4900047.55
252,FOREG_21,503,PSME,151,2.45,0400660,146.5,90,10,SRZ MTR,0,"2019:Prev tag 3057; 2020:10 TS lost, branch debris in plot; 2021:PT-3057; 2022:PT-3057; 2023:NA",2023,1,569064.2524,4900026.111
253,FOREG_21,401,PSME,138,3.3,0400526,204.1,40,60,GEL,1,"2019:Prev tag 3177; 2020:14 TS lost, prev tag 3177; 2021:; 2022:PT-3177; 2023:",2023,1,569072.2076,4899983.429
254,FOREG_21,400,PSME,106,1.3,,179,10,90,GEL,3,2019:; 2020:; 2021:; 2022:; 2023:CHECK NOTE: enter paired tree tag number,2023,1,569076.7427,4899969.808
255,FOREG_21,301,ABAM,114,1.6,0200268,30.7,55,45,GEL,15,2019:Prev tag 2748; 2020:All TS lost; 2021:PT- 2748; 2022:PT-2748; 2023:,2023,1,569030.5049,4899962.878
256,FOREG_21,600,TSHE,51,2.8,0600019,104.3,93,7,GEL,1,2019:; 2020:TS lost; 2021:; 2022:; 2023:,2023,1,569111.0933,4899990.943
257,FOREG_21,600,ABAM,51,2.8,0600008,33.1,15,85,GEL,2,2019:; 2020:TS lost; 2021:1 TS lost; 2022:; 2023:,2023,1,569096.8567,4900000.793
258,FOREG_21,702,ABAM,24,2.3,0400559,35.3,5,95,GEL,10,2019:; 2020:7 TS lost; 2021:3 TS lost; 2022:1 TS lost; 2023:,2023,1,569110.9449,4900020.16
259,FOREG_21,602,XABAM,323,2.2,,,70,30,SRZ MTR,5,"2019:; 2020:TS lost, adult downed, photo; 2021:Reference tree fell btw 2020 & 2021; legacy effect plot?; 2022:Paired ABAM fell btw 2020 & 2021; XABAM sp code reflects dead ABAM legacy plot; 2023:Paired ABAM tree died btw 2020 & 2021; legacy ABAM plot = XABAM",2023,1,569082.6231,4900025.523
260,FOREG_21,602,TSHE,118,1.8,,90.9,0,100,GEL,1,2019:no tree germs; 2020:; 2021:; 2022:; 2023:CHECK NOTE: enter paired tree tag number,2023,1,569101.6984,4900033.834
261,FOREG_21,604,TSHE,85,2.4,0800078,90.5,21,79,SRZ,0,2019:; 2020:TS lost; 2021:; 2022:; 2023:,2023,1,569070.7049,4900057.836
262,FOREG_21,704,ABAM,140,1.1,,43.1,60,30,SRZ,5,2019:; 2020:; 2021:2 TS lost; 2022:; 2023:CHECK NOTE: enter paired tree tag number,2023,1,569102.5589,4900073.386
263,FOREG_21,603,TSHE,44,2.2,,61.1,5,95,GEL,2,2019:; 2020:4 TS lost; 2021:; 2022:; 2023:CHECK NOTE: enter paired tree tag number,2023,1,569091.2004,4900052.606
264,FOREG_21,705,PSME,206,2.45,,172,25,75,SRZ,5,2019:; 2020:1 TS lost; 2021:; 2022:; 2023:CHECK NOTE: enter paired tree tag number,2023,1,569087.1451,4900088.895
265,FOREG_21,607,ABAM,61,1.5,,33.6,95,5,JAP GET,1,2019:; 2020:4 TS lost; 2021:; 2022:; 2023:CHECK NOTE: enter paired tree tag number,2023,1,569052.8585,4900137.519
266,FOREG_21,606,ABAM,83,1.8,0600320,34.5,75,25,JAP GET,0,2019:; 2020:; 2021:; 2022:; 2023:,2023,1,569043.5921,4900115.205
267,FOREG_21,503,GAP,283,8.4,,,85,15,JAP GET,4,"2019:open (no adult) rep tree tagged; 2020:25 TS lost; 2021:2 TS lost; 2022:; 2023:Nearby tree = 03-0016 [sic] ABAM 2.1 cm DBH, next to ODD ABAM",2023,1,569049.4934,4900032.511
268,FOREG_27,702,GAP,316,3.2,,,0,100,SRZ,100,"2019:nurse log in plot; 2020:Many TS lost, potential OSBE in plot?; 2021:4 TS lost; 2022:; 2023:Nearby tree = THPL 160.0 cm DBH",2023,1,565754.3104,4900445.07
269,FOREG_27,702,TSHE,304,0.8,,52.5,0,100,GEL,80,2019:; 2020:; 2021:; 2022:missing log data; 2023:,2023,1,565730.3543,4900469.382
270,FOREG_27,601,PSME,49,1.7,,176.5,4,96,GEL,20,2019:; 2020:2 TS lost; 2021:; 2022:; 2023:,2023,1,565730.9432,4900442.508
271,FOREG_27,703,THPL,78,2.9,,81.2,6,94,GEL,10,2019:plot on mound; 2020:; 2021:; 2022:; 2023:,2023,1,565696.5265,4900482.926
272,FOREG_27,704,TSHE,80,2.5,,35.1,0,100,GEL GET,65,2019:; 2020:; 2021:; 2022:5 TS lost; 2023:,2023,1,565688.5563,4900521.394
273,FOREG_27,705,THPL,56,2.8,,70.7,2,98,GEL,60,"2019:*separate plot log entry: FOREG-27, 0705, THPL, 67.5, 51, 2.9, 0, 100, 60, AAN ARC, 9/12/2019; 2020:; 2021:; 2022:3 TS lost; 2023:",2023,1,565677.4927,4900533.945
274,FOREG_31,605,TSHE,320,3.1,0700783,34,4,96,CJD,15,"2019:; 2020:1 TS lost, Half of plot smashed by branch; 2021:Greater than 3m from tree; 2022:; 2023:",2023,1,,
275,FOREG_31,405,TSHE,8,2.9,0500912,82.5,20,80,GEL BWG,8,2019:; 2020:; 2021:; 2022:; 2023:,2023,1,,
276,FOREG_31,404,THPL,347,3.1,0401231,39.2,55,45,GRR GET,2,2019:50% cover; 2020:Many CHME - TS lost; 2021:2 TS lost; 2022:; 2023:,2023,1,,
277,FOREG_27,703,TABR,318,1.3,,26.9,5,95,GEL GET,60,2019:Adjacent to old snag; 2020:; 2021:5 TS lost; 2022:missing log data; 2023:,2023,1,565706.0357,4900498.021
278,FOREG_27,505,PSME,140,2.3,,128.8,0,100,GEL GET,65,2019:; 2020:; 2021:; 2022:; 2023:,2023,1,565637.9331,4900513.996
279,FOREG_27,502,THPL,26,1.15,,32.6,5,95,GEL,30,2019:; 2020:; 2021:; 2022:1 TS lost; 2023:,2023,1,565693.2389,4900460.453
280,FOREG_27,504,TABR,150,0.5,,31,0,100,GEL SRZ,45,2019:; 2020:; 2021:; 2022:1 TS lost ; 2023:,2023,1,565673.357,4900476.586
281,FOREG_27,603,PSME,120,1.5,,148.5,20,80,GEL,5,2019:; 2020:; 2021:; 2022:; 2023:,2023,1,565706.5269,4900472.915
282,FOREG_27,402,PSME,58,2.8,2538,128,35,65,GEL,25,2019:; 2020:; 2021:PT-2538; 2022:PT-2538; 2023:,2023,1,565696.0881,4900439.048
283,FOREG_27,402,TSHE,110,1.7,,60.1,0,100,GEL,20,2019:mound; 2020:; 2021:PT-2502; 2022:PT-2542; 2023:CHECK: record PSP tag number for paried adult tree,2023,1,565694.8246,4900429.697
284,FOREG_27,303,THPL,192,2.6,2567,56.3,3,98,SRZ,80,"2019:Prev tag 2567; mound/nurse; 2020:4 TS lost; 2021:PT-2567, 1 TS lost; 2022:PT-2567 ; 2023:",2023,1,565677.373,4900418.414
285,FOREG_27,202,TSHE,190,1.7,2613,62.1,5,95,GEL,10,2019:Prev tag 2613; 2020:1 TS lost; 2021:PT-2613; 2022:1 TS lost; 2023:,2023,1,565676.3709,4900382.975
286,FOREG_27,301,THPL,30,2.1,2733,111.1,0,100,SRZ,100,"2019:; 2020:3 TS lost; 2021:; 2022:Rep on 8/9/2022 by EDT, 110.6dbh, 0, 100, 85moss, PT-2733; 2023:",2023,1,565693.5924,4900385.364
287,FOREG_27,101,TSHE,326,2.1,2680,84.1,1,99,SRZ,30,"2019:near (.5m) PSME DBH point 1-7, possible snag, nurse; 2020:; 2021:PT-2680; 2022:PT-2680, Debris, 1 TS lost; 2023:Dominant tree dead",2023,1,565661.8686,4900340.279
288,FOREG_27,200,TABR,350,1.7,2780,33.5,20,80,SRZ,70,"2019:NURSE  ; 2020:; 2021:; 2022:PT-2780, 5 TS lost; 2023:CHECK: is PSPtag 2780 or 2708?",2023,1,565692.9754,4900367.258
289,FOREG_27,401,TABR,72,2,,30.1,0,100,GEL GET,10,2019:; 2020:; 2021:PT-2524; 2022:missing log data; 2023:,2023,1,565723,4900430
290,FOREG_27,501,PSME,228,1.9,,135.4,10,90,SRZ,75,2019:; 2020:; 2021:; 2022:27 TS lost; 2023:,2023,1,565734.8335,4900428.767
291,FOREG_27,500,GAP,350,2.8,,,2,98,SRZ,100,2019:no adult; 2020:VAME herb?; 2021:; 2022:; 2023:nearby tree = 07-00720 TSHE 17.3 cm DBH,2023,1,565750.8666,4900422.26
292,FOREG_27,203,THPL,60,2.4,2586,170.5,1,99,GEL,90,"2019:; 2020:; 2021:No TS in 2020; 2022:Debris, 4 TS lost; 2023:",2023,1,565654.4937,4900414.963
293,FOREG_27,103,PSME,234,3,,152.6,15,85,SRZ GET,35,2019:NURSE; 2020:; 2021:; 2022:4 TS lost; 2023:,2023,1,565634.0801,4900412.431
294,FOREG_27,2,PSME,122,1,,112.1,20,80,GEL,6,"2019:~ 10 recently dead CHUM, did not tag them; 2020:; 2021:No TS from 2020; 2022:2 TS lost, PT-2651; 2023:",2023,1,565628.7354,4900356.167
295,FOREG_27,103,THPL,60,2.3,,71.3,5,85,SRZ,85,2019:NURSE; 2020:2 TS lost; 2021:; 2022:13 TS lost; 2023:,2023,1,565621.8012,4900386.871
296,FOREG_27,105,PSME,370,1.4,,164,7,93,SRZ,40,"2019:no seedlings within 3m of 4 PSME, smallest + closest PSME is reference tree; 2020:not surveyed in 2020; 2021:; 2022:; 2023:CHECK: in 2023 all TS seedlings assumed dead, but may have been missed, please check on status of them",2023,1,565591.4888,4900416.11
301,FOREG_28,105,GAP,173,2,,,89,11,GEL GET,4,"2019:Reference tree TSHE; 2020:; 2021:; 2022:; 2023:CHECK: This is marked as GAP, others have noted a large PSME and a TSHE as nearby reference trees, check which is accurate. Nearby tree = 06-00764 PSME 159.5 cm DBH",2023,1,566441.5961,4899173.864
302,FOREG_28,105,PSME,140,1.5,,164.7,15,85,SRZ,0,2019:; 2020:; 2021:; 2022:; 2023:,2023,1,566440.0903,4899164.854
303,FOREG_28,105,TSHE,122,1.2,0600736,42.2,15,85,GEL GET,0,2019:; 2020:Adult sp recorded as THPL in 2019; 2021:1 TS lost; 2022:; 2023:,2023,1,,
304,FOREG_28,105,PSME,148,2.1,0600707,168,70,30,GEL GET,1,2019:; 2020:; 2021:; 2022:; 2023:Herbivory ,2023,1,,
305,FOREG_28,105,TSHE,32,2.6,0600722,61.3,50,50,GEL GET,0,2019:; 2020:surveyed twice; 2021:; 2022:; 2023:,2023,1,,
306,FOREG_28,105,TSHE,243,2.3,0600751,,6,94,CJD,1,2019:; 2020:; 2021:PT-4158; 2022:PT-4158; 2023:,2023,1,,
307,FOREG_28,105,PSME,258,2.4,0600602,169.1,20,80,SRZ,7,2019:; 2020:; 2021:; 2022:; 2023:,2023,1,,
308,FOREG_28,105,PSME,231,2.1,,178,25,75,SRZ,7,2019:; 2020:3 TS lost; 2021:1 TS lost; 2022:; 2023:,2023,1,566273.6898,4899250.041
309,FOREG_28,105,TSHE,19,2.1,,60.6,30,70,SRZ,3,2019:; 2020:; 2021:; 2022:; 2023:,2023,1,566280.3742,4899236.552
310,FOREG_28,105,TSHE,359,2.2,,62.6,78,22,SRZ,0,2019:; 2020:; 2021:; 2022:; 2023:,2023,1,566326.0035,4899249.117
311,FOREG_28,105,TSHE,24,1.7,0500254,69,63,40,SRZ,0,2019:; 2020:; 2021:1 TS lost; 2022:litter; 2023:,2023,1,,
312,FOREG_28,105,TSHE,322,2.1,,81.6,65,35,SRZ,8,2019:; 2020:1 TS lost; 2021:; 2022:; 2023:,2023,1,566287.1209,4899256.397
313,FOREG_28,105,GAP,307,1,,,40,60,SRZ,5,"2019:Reference tree TSHE; 2020:2019 recorded as a GAP, near a small TSHE, check plot; 2021:; 2022:; 2023:Nearby  tree = TSHE 13.7 cm DBH",2023,1,566358.278,4899239.892
314,FOREG_28,105,TSHE,172,1.65,,62.7,85,15,SRZ,2,2019:; 2020:; 2021:; 2022:litter; 2023:,2023,1,566408.0669,4899267.499
315,FOREG_28,105,GAP,20,3.4,,,30,70,SRZ,5,2019:Reference tree TSHE; 2020:1 TS lost; 2021:; 2022:; 2023:Canopy gap,2023,1,566437.0655,4899266.35
316,FOREG_28,105,TSHE,60,1.5,0500225,102.4,8,90,SRZ,3,2019:; 2020:; 2021:; 2022:litter; 2023:,2023,1,566402.6161,4899238.012
317,FOREG_28,105,PSME,291,1.6,0500614,150,70,30,SRZ,3,"2019:Prev tag 4041; 2020:prev tag 4041; 2021:PT-4041, DBH too close to ground; 2022:litter; 2023:",2023,1,,
318,FOREG_28,105,TSHE,280,1.6,4062,58.5,80,20,SRZ,1,"2019:Prev tag 4062; 2020:1 TS lost, prev tag 4062; 2021:PT-4062, DBH 60.0; 2022:PT-4062 ; 2023:",2023,1,566358.4476,4899207.351
319,FOREG_28,105,PSME,135,2.2,4080,148.1,90,10,SRZ,3,"2019:Prev tag 4080; 2020:; 2021:PT-4050, DBH 148.7; 2022:litter, PT-4080, possibly 4050; 2023:",2023,1,566340.0988,4899221.383
320,FOREG_28,105,ABAM,304,2.6,4084,60.8,10,90,SRZ,5,"2019:Prev tag 4084; 2020:; 2021:PT-4084, DBH 61.6; 2022:; 2023:",2023,1,566310.9686,4899227.644
321,FOREG_28,5,PSME,277,1.8,,,69,31,CJD,0,2019:lots of branch/lichen litter; 2020:; 2021:; 2022:; 2023:,2023,1,566287.4946,4899203.635
322,FOREG_28,5,TSHE,89,1.8,,57,5,95,CJD,3,2019:; 2020:; 2021:; 2022:; 2023:,2023,1,566288.5019,4899182.984
323,FOREG_28,5,PSME,166,1.4,,,1,99,CJD,0,"2019:Prev tag 4104; 2020:; 2021:PT-4104, DBH 137.6; 2022:PT-4104 ; 2023:",2023,1,566334.4734,4899185.442
324,FOREG_28,5,PSME,353,1.9,,,6,98,CJD,0,"2019:Prev tag 4114; 2020:; 2021:PT-4114, DBH 155.0; 2022:PT-4114 ; 2023:",2023,1,566314.3126,4899181.243
325,FOREG_28,5,TSHE,103,0.8,,98.5,4,96,CJD,1,2019:; 2020:; 2021:; 2022:; 2023:,2023,1,566283.4261,4899147.942
326,FOREG_28,5,PSME,220,1.2,,161.3,50,50,SLG GET,0,2019:; 2020:; 2021:; 2022:; 2023:,2023,1,566300.3974,4899135.889
327,FOREG_28,0,TSHE,333,1.7,,102.6,75,25,SLG GET,0,2019:last 2019 FOREG-28 plot; 2020:1 TS lost; 2021:; 2022:; 2023:,2023,1,566288.7457,4899087.782
328,FOREG_38,602,ACMA,132,1.15,,,0,100,CJD,25,"2020:Double check azimuth; 2021:; 2022:1 TS lost, Plot shifted; Called GAP plot in log notes this year, check plot in 2023; 2023:CHECK: Originally paired with ~50 cm DBH ACMA but starting in 2022 called a gap plot; ACMA may have died; check status of ACMA and plot; FIELD: lot in gap no adult tree",2023,1,562164,4897659
329,FOREG_38,603,THPL,312,1.26,,106.5,1,99,CJD,80,2020:; 2021:; 2022:; 2023:,2023,1,562159.3703,4897637.031
330,FOREG_38,600,ACMA,65,0,,62,7,93,CJD,8,2020:double check quadrat; 2021:; 2022:; 2023:,2023,1,562184,4897604
331,FOREG_38,503,TABR,249,1.15,,49.4,20,95,CJD,3,2020:; 2021:PT-2773; 2022:PT-2773; 2023:,2023,1,562133.294,4897582.018
332,FOREG_38,503,TSHE,35,1.6,0100613,83,5,95,SRZ GEL,45,2020:; 2021:; 2022:; 2023:,2023,1,,
333,FOREG_38,503,XTSHE,134,1.2,0300064,,2,98,CJD GET,45,2020:; 2021:; 2022:measured as GAP in 2022; adult tree died and fell btw 2021 and 2022; 2023:Dominant adult TSHE tag 03-00064 fell and died (TSHE legacy plot = XTSHE); nearby tree = 03-00063 ACMA 5.9 cm DBH,2023,1,,
334,FOREG_38,503,TSHE,190,3,0200308,78.5,5,95,SRZ GEL,65,2020:; 2021:; 2022:; 2023:,2023,1,,
335,FOREG_27,503,THPL,328,1.6,,93.4,5,95,GEL,20,2020:; 2021:; 2022:3 TS lost; 2023:,2023,1,565622.2981,4900528.616
336,FOREG_38,503,TSHE,6,3,0700963,79.3,0,100,CJD,85,2020:; 2021:Log data not gathered in 2021; 2022:; 2023:,2023,1,,
337,FOREG_38,503,TSHE,70,1.3,0500004,41,3,90,SRZ GEL,20,2020:; 2021:5 TS lost; 2022:; 2023:,2023,1,,
338,FOREG_28,503,TSHE,350,1.9,,,2,98,CJD,1,"2020:Prev tag 4240; 2021:PT-4241, DBH 72.5; 2022:PT-4241 ; 2023:",2023,1,566334,4899157
339,FOREG_28,503,TSHE,90,1.8,,53.4,2,98,SLG GET,1,2020:; 2021:; 2022:; 2023:,2023,1,566340,4899118
340,FOREG_28,503,PSME,140,2.4,4262,113.8,46,54,CJD,0,"2020:Prev tag 4262; 2021:PT-4262, check DBH; 2022:PT-4262 ; 2023:",2023,1,566353,4899139
341,FOREG_28,503,ABAM,0,2.3,4121,65.9,32,68,CJD,1,"2020:Prev tag 4121; 2021:PT-4121, DBH 66.6; 2022:litter, PT-4121; 2023:",2023,1,566353,4899190
342,FOREG_28,503,TSHE,282,1.4,0500562,,4,96,CJD,0,2020:Prev tag 4191; 2021:PT-4191; 2022:PT-4191; 2023:,2023,1,,
343,FOREG_28,503,PSME,114,2.4,,,0,100,CJD,0,2020:; 2021:; 2022:debris; 2023:,2023,1,566396,4899108
344,FOREG_28,503,TSHE,292,1.7,,41.9,68,32,SLG GET,3,2020:; 2021:; 2022:; 2023:,2023,1,,
345,FOREG_28,503,PSME,58,1.7,,145.2,25,75,SRZ CJD,15,2020:; 2021:; 2022:debris; 2023:,2023,1,,
346,FOREG_28,503,PSME,182,2.9,,,1,99,CJD,0,2020:; 2021:; 2022:; 2023:,2023,1,,
347,FOREG_28,503,PSME,288,2.1,4135,157.7,20,80,GET GEL,0,"2020:Prev tag 4135; 2021:PT-4135, DBH 159.2; 2022:litter, PT-4135; 2023:",2023,1,,
348,FOREG_28,503,TSHE,118,2.4,,92.2,2,98,CJD,0,2020:; 2021:; 2022:; 2023:,2023,1,,
349,FOREG_28,503,PSME,118,1.7,,,21,79,CJD,0,"2020:Prev tag 4289; 2021:PT-4289, 10 TS lost; 2022:PT-4289 ; 2023:",2023,1,566393,4899138
350,FOREG_28,503,TSHE,18,1,0500582,,21,79,CJD,1,2020:Prev tag 4183; 2021:PT-4183; 2022:; 2023:,2023,1,,
351,FOREG_28,503,TSHE,124,3,0500613,54.2,7,90,SRZ,0,"2020:Within 15m of plot 317; 2021:PT-4049, DBH 56.9; 2022:litter, called GAP this year, check tree next year; 2023:",2023,1,566375,4899218
352,FOREG_28,503,GAP,124,3,,,10,90,GEL GET,0,2020:; 2021:; 2022:; 2023:Nearby tree = TSHE 21.3 cm DBH,2023,1,566425,4899158
353,FOREG_27,503,PSME,346,2.5,,,0,100,CJD,20,2020:needs tag; 2021:; 2022:; 2023:,2023,1,565675.5032,4900517.371
354,FOREG_27,503,THPL,140,2.6,,102.9,2,98,GEL GET,2,"2020:; 2021:; 2022:1 TS lost, 1 TP lost; 2023:",2023,1,565647.7047,4900478.991
355,FOREG_27,503,TSHE,78,1.6,,115.4,10,90,SRZ,5,2020:; 2021:check ID; MSM thought could be a PSME in 2021; 2022:missing log data; 2023:,2023,1,565561.8679,4900472.025
356,FOREG_27,503,TABR,40,1.7,,129.9,0,100,CJD,95,2020:; 2021:; 2022:; 2023:,2023,1,565630.211,4900432.057
357,FOREG_27,503,PSME,133,1.3,,165,0,100,CJD,0,2020:; 2021:; 2022:; 2023:WD on plot,2023,1,,
358,FOREG_27,503,PSME,264,1.2,,113,1,99,CJD,60,"2020:; 2021:; 2022:6 TS lost, 6 TP lost; nearby TSHE measured as 27.2 cm DBH this year; 2023:",2023,1,,
359,FOREG_27,503,THPL,322,1.5,,158.9,5,95,GEL GET,45,2020:; 2021:; 2022:1 TS lost; 2023:,2023,1,,
360,FOREG_27,503,TSHE,131,1.8,,31.7,0,100,GEL,40,"2020:; 2021:Double-check tree ID, could be TABR; 2022:2 TS lost; 2023:",2023,1,565628.292,4900496.125
361,FOREG_27,503,TSHE,150,2.2,,,0,100,GEL GET,50,2020:; 2021:; 2022:marked as gap; 2023:nearby tree = THPL 29.9 cm DBH,2023,1,,
362,FOREG_27,503,PSME,264,2,,132.1,10,90,GEL,20,"2020:; 2021:; 2022:6 TS lost, 2 TP lost; 2023:",2023,1,565593,4900382
363,FOREG_27,503,PSME,260,2.4,,136.7,3,97,GEL GET,15,2020:; 2021:; 2022:missing log data; 2023:,2023,1,565617,4900361
364,FOREG_27,503,TSHE,312,2,,,,,JJW,,2020:; 2021:1 TS lost; 2022:; 2023:Plot not surveyed this year,2023,0,565545,4900452
365,FOREG_27,503,THPL,304,1.4,,67.7,0,100,GEL GET,96,"2020:; 2021:; 2022:; 2023:CHECK: in 2023 all TS seedlings assumed dead, but may have been missed, please check on status of them",2023,1,565652,4900548
366,FOREG_27,503,TSHE,112,1.7,,42.4,20,80,SRZ GEL,80,2020:; 2021:; 2022:missing log data; 2023:,2023,1,565654,4900520
367,FOREG_27,503,PSME,220,2.1,2547,125.6,0,100,GEL,20,2020:Prev tag 2547; 2021:PT-2547; 2022:missing log data; 2023:,2023,1,565704,4900413
368,FOREG_27,503,TABR,250,0.9,,61.7,1,99,GEL,85,2020:; 2021:; 2022:; 2023:Dominant tree has two stems,2023,1,565591,4900469
369,FOREG_27,503,THPL,229,1.9,,63.2,2,98,SRZ,98,2020:; 2021:1 TS lost; 2022:missing log data; 2023:,2023,1,,
370,FOREG_27,503,GAP,229,1.9,,,5,95,GEL,40,2020:; 2021:; 2022:; 2023:Nearby tree = COCOC 6.7 cm DBH,2023,1,565638.5218,4900447.243
401,FOREG_31,311,TSHE,341,1.65,0400682,52.9,52,48,GRR GET,7,"2020:; 2021:; 2022:4 TS lost, TAG not recorded, double check with mapping data; 2023:",2023,1,,
402,FOREG_31,310,TSHE,253,1.7,0400657,56.7,43,57,GRR GET,1,2020:; 2021:; 2022:DEBRIS; 2023:,2023,1,,
403,FOREG_31,410,PSME,346,1.3,0500121,120.9,60,40,GRR GET,1,2020:; 2021:; 2022:litter; 2023:,2023,1,,
404,FOREG_31,610,PSME,4,1.5,0700333,147.1,32,68,GEL BWG,0,2020:; 2021:; 2022:; 2023:,2023,1,,
406,FOREG_27,610,PSME,226,1.3,,128.1,75,25,GEL,10,2020:; 2021:; 2022:; 2023:,2023,1,,
408,FOREG_27,610,PSME,246,1.8,,135.1,0,100,CJD,30,2020:; 2021:; 2022:missing log data; 2023:,2023,1,565660.8675,4900456.135
409,FOREG_27,610,GAP,246,1.8,,,80,20,GEL GET,1,"2020:Under PSME/TSHE snags; 2021:Debris covering plot, Near PSME (105.5) and TSHE (27.1) snags; 2022:covered in bark debris; log notes association with 27.7 cm DBH TSHE in this year; 2023:Witches broom galore and UWD; nearby tree = TSHE 27.7 cm DBH",2023,1,565634,4900482
410,FOREG_27,610,TABR,288,2.3,,33.2,0,100,SRZ,95,"2020:; 2021:Several TABR near, 63cm largest; 2022:8 TS lost; 2023:",2023,1,565600.4898,4900497.96
645,BURNED,,PSME,,,,61.6,65,35,CJD GET SRZ GEL,35,,2023,,,
633,BURNED,,TSHE,,,,41.3,11,89,CJD GET GEL SRZ,10,,2023,,,
644,BURNED,,TSHE,,,,37,8,92,CJD GET GEL SRZ,35,Focal tree dead,2023,,,
642,BURNED,,PSME,,,,65.5,3,35,CJD GET GEL SRZ,65,,2023,,,
641,BURNED,,PSME,,,,60.3,2,98,CJD GET GEL SRZ,85,,2023,,,
638,BURNED,,PSME,,,,194.7,5,95,GEL GET CJD SRZ ,86,,2023,,,
610,BURNED,,PSME,,,,,60,40,CJD GET,25,,2023,,,
618,BURNED,,TSHE,,,,,3,85,CJD GET,60,,2023,,,
612,BURNED,,TSHE,,,,,75,25,CJD GET,1,,2023,,,
615,BURNED,,TSHE,,,,,5,95,CJD GET,20,,2023,,,
613,BURNED,,PSME,,,,,40,60,CJD GET,3,,2023,,,
616,BURNED,,TSHE,,,,,6,94,CJD GET,20,,2023,,,
611,BURNED,,PSME,,,,,65,35,CJD GET,3,,2023,,,
614,BURNED,,TSHE,,,,,5,95,CJD GET,1,,2023,,,
661,BURNED,,PSME,,,,,15,85,CJD RPH,85,,2023,,,
648,BURNED,,TSHE,,,,,4,96,CJD MTR GET RPH,50,,2023,,,
650,BURNED,,PSME,,,,,15,85,CJD RPH MTR GET,20,,2023,,,
652,BURNED,,PSME,,,,,5,95,CJD,55,,2023,,,
649,BURNED,,PSME,,,,,70,30,Rph cjd,10,,2023,,,
640,BURNED,,PSME,,,,312,3,97,CJD GET MTR RPH,50,,2023,,,
646,BURNED,,PSME,,,,,37,73,Rph cjd,1,,2023,,,
651,BURNED,,PSME,,,,,92,8,CJD RPH MTR GET ,0,,2023,,,
647,BURNED,,PSME,,,,,55,45,Rph cjd,10,,2023,,,
654,BURNED,,PSME,,,,,20,80,Rph cjd,15,,2023,,,
663,BURNED,,PSME,,,,,5,95,Rph cjd,65,,2023,,,
658,BURNED,,PSME,,,,,42,58,CJD RPH,5,,2023,,,
657,BURNED,,PSME,,,,,11,89,CJD RPH,65,,2023,,,
671,BURNED,,TSHE,,,,,20,80,CJD GET,6,,2023,,,
655,BURNED,,PSME,,,,,12,88,SLG CJD GET,15,,2023,,,
669,BURNED,,PSME,,,,,14,86,CJD,45,,2023,,,
672,BURNED,,PSME,,,,,7,93,Cjd get slg,93,Grace got stung,2023,,,
639,BURNED,,PSME,,,,,18,82,SLG CJD GET,25,,2023,,,
634,BURNED,,PSME,,,,,82,18,SLG CJD GET,4,,2023,,,
643,BURNED,,PSME,,,,,4,96,SLG CJD GET,90,Debris,2023,,,
667,BURNED,,PSME,,,,,20,80,CJD,20,,2023,,,
634,BURNED,,PSME,,,,,7,93,Sl cjd get,93,DELETE,2023,,,
668,BURNED,,,,,,,8,92,CJD,15,,2023,,,
670,BURNED,,TSHE,,,,,3,97,SLG CJD GET,90,,2023,,,
666,BURNED,,PSME,,,,,14,86,SLG GET,5,,2023,,,
673,BURNED,,PSME,,,,,45,55,Get slg,40,,2023,,,
674,BURNED,,PSME,,,,,13,87,GET SLG ,60,,2023,,,
675,BURNED,,PSME,,,,,1,99,Get slg ,97,,2023,,,
636,BURNED,,PSME,,,,,12,88,CJD GET,15,,2023,,,
619,BURNED,,TSHE,,,,,9,91,CJD GET,5,,2023,,,
607,BURNED,,PSME,,,,,35,65,CJD GET,30,,2023,,,
606,BURNED,,PSME,,,,,32,68,CJD GET,1,,2023,,,
635,BURNED,,PSME,,,,,90,10,CJD GET,5,,2023,,,
625,BURNED,,PSME,,,,,28,72,CJD GET,50,,2023,,,
624,BURNED,,PSME,,,,,4,96,CJD GET,55,,2023,,,
605,BURNED,,PSME,,,,,18,82,CJD GET,45,,2023,,,
637,BURNED,,PSME,,,,,12,88,CJD GET,20,,2023,,,
622,BURNED,,PSME,,,,,15,85,CJD GET,20,,2023,,,
609,BURNED,,PSME,,,,,35,65,CJD GET,6,,2023,,,
623,BURNED,,PSME,,,,,2,98,CJD GET,60,,2023,,,
601,BURNED,,TSHE,,,,,70,30,SRZ CJD,5,,2023,,,
628,BURNED,,PSME,,,,,45,55,CJD GET,1,,2023,,,
631,BURNED,,PSME,,,,,20,80,CJD GET,5,,2023,,,
627,BURNED,,PSME,,,,,40,60,CJD GET,1,,2023,,,
632,BURNED,,TSHE,,,,,40,60,CJD GET,2,,2023,,,
621,BURNED,,PSME,,,,,70,30,CJD GET,1,,2023,,,
620,BURNED,,PSME,,,,,77,23,CJD GET,6,,2023,,,
629,BURNED,,PSME,,,,,15,85,CJD GET,40,,2023,,,
630,BURNED,,PSME,,,,,60,40,CJD GET,3,,2023,,,
602,BURNED,,PSME,,,,,3,100,CJD,5,,2023,,,
684,BURNED,,TSHE,,,,,24,76,CJD GET,35,,2023,,,
677,BURNED,,TSHE,,,,,3,97,CJD GET,35,,2023,,,
679,BURNED,,TSHE,,,,,22,78,CJD GET,25,,2023,,,
682,BURNED,,TSHE,,,,,60,40,CJD GET,2,,2023,,,
683,BURNED,,PSME,,,,,17,83,CJD GET,20,,2023,,,
604,BURNED,,PSME,,,,,10,90,CJD GET,50,,2023,,,
678,BURNED,,PSME,,,,,20,80,CJD GET,5,,2023,,,
603,BURNED,,PSME,,,,,21,79,CJD GET,20,,2023,,,
681,BURNED,,PSME,,,,,18,78,CJD GET,1,Plot surrounded by ACMA THPL TSHE and PSME,2023,,,
680,BURNED,,TSHE,,,,,35,65,CJD GET,21,,2023,,,
660,BURNED,,PSME,,,,,77,26,MTR GET,10,,2023,,,
662,BURNED,,PSME,,,,,10,90,MTR,90,,2023,,,
653,BURNED,,PSME,,,,,5,95,MTR GET,70,,2023,,,
664,BURNED,,PSME,,,,,91,9,MTR GET,6,,2023,,,
659,BURNED,,TSHE,,,,,50,50,MTR GET,15,,2023,,,
656,BURNED,,PSME,,,,,15,85,MTR GET,10,,2023,,,